{
  "eslint.config.js": 1773829892.9430332,
  "playwright.config.js": 1774997202.6896293,
  "vite.config.js": 1773833895.9837122,
  "src\\App.jsx": 1776790238.979844,
  "src\\config.js": 1773830205.0648723,
  "src\\main.jsx": 1773830207.7395637,
  "src\\components\\ErrorBoundary.jsx": 1775477214.5413728,
  "src\\components\\LoadingOverlay.jsx": 1773830360.848819,
  "src\\components\\Blogs\\BlogContent.jsx": 1774981105.9513276,
  "src\\components\\DestinationCard\\DestinationCard.jsx": 1773830491.9733336,
  "src\\components\\Footer\\Footer.jsx": 1776792024.8599296,
  "src\\components\\Navbar\\Navbar.jsx": 1776793474.982661,
  "src\\components\\Skeleton\\Skeleton.jsx": 1773833306.741577,
  "src\\components\\ui\\Badge.jsx": 1775885017.0083218,
  "src\\components\\ui\\Button.jsx": 1775884853.2812827,
  "src\\components\\ui\\Card.jsx": 1775884999.4105601,
  "src\\components\\ui\\EmptyState.jsx": 1775885090.6442487,
  "src\\components\\ui\\index.js": 1775885145.7132597,
  "src\\components\\ui\\Input.jsx": 1775885036.3671453,
  "src\\components\\ui\\Modal.jsx": 1775885057.9232924,
  "src\\components\\ui\\ProgressBar.jsx": 1775885131.9089339,
  "src\\components\\ui\\Skeleton.jsx": 1775885075.4962983,
  "src\\components\\ui\\Toast.jsx": 1775885112.1431992,
  "src\\context\\AuthContext.jsx": 1775548309.150067,
  "src\\design-system\\animations.js": 1775761693.8446834,
  "src\\pages\\Home.jsx": 1776793553.524858,
  "src\\pages\\admin\\AdminDashboard.jsx": 1774071890.9281087,
  "src\\pages\\admin\\AdminLogin.jsx": 1773831131.3302562,
  "src\\pages\\auth\\LoginPage.jsx": 1775482758.2075362,
  "src\\pages\\auth\\RegisterPage.jsx": 1775837459.872364,
  "src\\pages\\blogs\\BlogDetails.jsx": 1774063057.901106,
  "src\\pages\\blogs\\BlogsPage.jsx": 1776791288.7162974,
  "src\\pages\\destinations\\DestinationDetails.jsx": 1776576336.829863,
  "src\\pages\\destinations\\DestinationsPage.jsx": 1776791332.2163053,
  "src\\pages\\profile\\ProfilePage.jsx": 1776576336.8501275,
  "src\\pages\\shared\\SharedTripPage.jsx": 1774063042.9228053,
  "src\\pages\\trips\\DailyBriefingPage.jsx": 1776576336.7908394,
  "src\\pages\\trips\\DashboardPage.jsx": 1776576336.7511926,
  "src\\pages\\trips\\GeneratingPage.jsx": 1774959031.5826926,
  "src\\pages\\trips\\TripPlannerPage.jsx": 1776576336.8068361,
  "src\\pages\\trips\\TripViewerPage.jsx": 1776576336.768303,
  "src\\pages\\trips\\tabs\\BookingsTab.jsx": 1775837464.8015482,
  "src\\pages\\trips\\tabs\\ExpensesTab.jsx": 1775477476.4576862,
  "src\\pages\\trips\\tabs\\ItineraryTab.jsx": 1775837648.3933573,
  "src\\pages\\trips\\tabs\\NotesTab.jsx": 1775477497.8477428,
  "src\\pages\\trips\\tabs\\ReadinessTab.jsx": 1775837479.5708888,
  "src\\pages\\trips\\tabs\\SummaryTab.jsx": 1775837519.1160707,
  "src\\services\\api.js": 1775887732.093941,
  "tests\\01_booking_flow.spec.js": 1774980313.436336,
  "tests\\02_trip_editor.spec.js": 1774997149.692648,
  "tests\\03_discover.spec.js": 1774997245.7349558,
  "tests\\04_trip_tools.spec.js": 1774980417.3640924,
  "tests\\05_admin.spec.js": 1775369231.3980744,
  "tests\\06_mobile.spec.js": 1775360359.623316,
  "tests\\helpers\\auth.js": 1774997448.702057,
  "tests\\helpers\\trip.js": 1774963015.8136096,
  "CLAUDE.md": 1773831658.773046,
  "index.html": 1776593476.9217577,
  "README.md": 1776788370.7971506,
  "altairgo-intellegence\\README.md": 1776593275.6179824,
  "altairgo-intellegence\\project\\Altairgo Hero.html": 1776593275.6391525,
  "docs\\design-audit.md": 1775704465.880787,
  "playwright-report\\index.html": 1774976735.314994,
  "tests\\DEBUG_PHASES.md": 1775033564.4794025,
  "altairgo-intellegence\\project\\assets\\logo.png": 1776593275.6535625,
  "altairgo-intellegence\\project\\uploads\\draw-b35098d3-82d5-4751-b54f-d86be4083dba.png": 1776593275.6705048,
  "altairgo-intellegence\\project\\uploads\\logo.png": 1776593275.680094,
  "altairgo-intellegence\\project\\uploads\\pasted-1776569675583-0.png": 1776593275.6887825,
  "public\\favicon.svg": 1773829893.2049935,
  "public\\icons.svg": 1773829893.2538016,
  "src\\assets\\hero.png": 1773829893.135353,
  "src\\assets\\logo.png": 1773841343.6322787,
  "src\\assets\\react.svg": 1773829893.2877772,
  "src\\assets\\vite.svg": 1773829893.3153055
}